{"cameraMode":{"drawMode":0,"name":"Shaded","section":"Shading Mode"},"sceneLighting":true,"audioPlay":false,"sceneViewState":{"m_AlwaysRefresh":false,"showFog":true,"showSkybox":true,"showFlares":true,"showImageEffects":true,"showParticleSystems":true,"showVisualEffectGraphs":true,"m_FxEnabled":true},"in2DMode":false,"pivot":{"x":-12.160883903503418,"y":-1.2795696258544922,"z":6.924501419067383},"rotation":{"x":-0.1437757909297943,"y":0.021370533853769304,"z":-0.0031057470478117468,"w":-0.989375114440918},"size":20.01976203918457,"orthographic":false}